Trial Number,MSE,Resultant Angles
1,1.0997686805376348,0.0077442716526993196,0.007744271652710372
2,1.0882046838992552,0.01592125209456227,0.015921252092080795
3,1.076714549291818,0.024046004194671605,0.024046004187301438
4,1.0653427070287098,0.03208711097712658,0.03208711096250199
5,1.0540909830012122,0.04004328134184485,0.040043281317549785
6,1.0429583797120927,0.04791522062592536,0.047915220589461426
7,1.0319437193403014,0.0557037616746716,0.05570376162343607
8,1.0210458194228142,0.06340974061576748,0.06340974054703508
9,1.0102635046219157,0.07103398853855045,0.07103398844945875
10,0.9995956076013782,0.07857733087445716,0.07857733076199593
11,0.9890409691748293,0.08604058729210964,0.0860405871531131
12,0.9785984384010279,0.09342457162994393,0.09342457146108715
13,0.9682668726707693,0.10073009183475666,0.10073009163255521
14,0.9580451377883528,0.1079579499040972,0.10795794966491024
15,0.9479321080477885,0.11510894183237938,0.11510894155241656
16,0.9379266663037531,0.12218385756070657,0.1221838572360382
17,0.928027704037311,0.1291834809303979,0.12918348055696866
18,0.9182341214164299,0.13610858964019618,0.13610858921384208
19,0.9085448273513316,0.14295995520712604,0.1429599547235952
20,0.8989587395447377,0.14973834293096472,0.149738342385941
21,0.8894747845370722,0.15644451186227598,0.15644451125140665
22,0.8800918977467009,0.16307921477395537,0.16307921409288167
23,0.8708090235052934,0.16964319813622408,0.16964319738061517
24,0.861625115088401,0.1761372020950052,0.1761372012605957
25,0.8525391347413508,0.1825619604536118,0.18256195953624285
26,0.8435500537005667,0.18891820065766962,0.18891819965333284
27,0.8346568522104268,0.19520664378319483,0.19520664268808
28,0.8258585195357769,0.2014280045277445,0.20142800333829058
29,0.8171540539702203,0.20758299120455245,0.2075829899175024
30,0.8085424628403081,0.21367230573956517,0.2136723043520234
31,0.800022762505759,0.21969664367128416,0.2196966421807783
32,0.791593978355835,0.2256566941533273,0.22565669255787313
33,0.7832551448020042,0.23155313995961488,0.23155313825778495
34,0.7750053052670226,0.2373866574920883,0.23738665568308417
35,0.7668435121705656,0.2431579167908686,0.24315791487459665
36,0.7587688269115397,0.24886758154676145,0.24886757952391228
37,0.7507803198472079,0.2545163091160163,0.2545163069881487
38,0.7428770702692562,0.2601047505372481,0.2601047483068756
39,0.7350581663769326,0.26563355055042853,0.265633548221111
40,0.7273227052473841,0.2711033476178591,0.2711033451942979
41,0.7196697928033202,0.2765147739470348,0.276514771435171
42,0.7120985437781256,0.28186845551531065,0.2818684529224295
43,0.7046080816785416,0.28716501209628775,0.28716500943112583
44,0.6971975387450441,0.292405057287829,0.2924050545606848
45,0.689866055910024,0.29758919854162674,0.2975891957644779
46,0.6826127827538968,0.3027180371942366,0.30271803438086
47,0.675436877459242,0.30779216849950325,0.3077921656655991
48,0.6683375067630927,0.31281218166229424,0.3128121788256165
49,0.6613138459074743,0.3177786598734728,0.3177786570539625
50,0.6543650785882964,0.3226921803460333,0.32269217756595825
51,0.6474903969027049,0.3275533143523282,0.32755331163642476
52,0.6406890012949845,0.33236262726231636,0.3323626246379397
53,0.6339601005011102,0.33712067858277006,0.33712067608004614
54,0.62730291149204,0.34182802199736995,0.34182801964935444
55,0.620716659415835,0.3464852054076297,0.34648520325047166
56,0.6142005775386948,0.3510927709745884,0.35109276904769815
57,0.6077539071849902,0.35565125516121054,0.35565125350743365
58,0.6013758976763718,0.3601611887754401,0.36016118744123676
59,0.5950658062700355,0.36462309701385115,0.3646230960494805
60,0.5888228980962114,0.36903749950584713,0.36903749896555643
61,0.5826464460949559,0.3734049103583523,0.3734049103005732
62,0.5765357309523085,0.377725838200954,0.377725838688502
63,0.5704900410358822,0.3820007862314432,0.38200078733172527
64,0.5645086723299515,0.3862302522617122,0.38623025404693745
65,0.5585909283700925,0.3904147287639678,0.3904147313113659
66,0.552736120177441,0.3945547029172155,0.394554706309259
67,0.5469435661926165,0.398650656653979,0.3986506609786127
68,0.5412125922093692,0.40270306670721634,0.40270307205809097
69,0.535542531307999,0.4067124046573967,0.4067124111341099
70,0.5299327237885932,0.41067913697970587,0.4106791446880469
71,0.5243825171041322,0.4146037250913448,0.41460373414354657
72,0.5188912657935016,0.4184866253988939,0.4184866359138902
73,0.5134583314144583,0.42232828934571176,0.4223283014493986
74,0.5080830824765821,0.4261291634593408,0.42612917728484573
75,0.5027648943742613,0.4298896893988923,0.4298897050868475
76,0.4975031493197351,0.43361030400238953,0.43361032170121083
77,0.4922972362762369,0.4372914393340397,0.43729145920021095
78,0.48714655089126274,0.4409335227314179,0.4409335449297801
79,0.48205049543000295,0.4445369768525352,0.444537001556582
80,0.4770084787089546,0.4481022197227794,0.4481022471149564
81,0.47201991602975446,0.4516296647817001,0.4516296950537089
82,0.46708422911324654,0.4551197209296266,0.4551197542827355
83,0.4622008460338146,0.45857279257410083,0.45857282921945736
84,0.45736920115399926,0.46198927967610687,0.4619893198350569
85,0.4525887350594228,0.46536957779608434,0.46536962170049445
86,0.44785889449403865,0.4687140781397123,0.46871412603229556
87,0.4431791322957271,0.47202316760344676,0.47202321973809463
88,0.43854890733225016,0.4752972288198073,0.475297285461922
89,0.43396768443758776,0.47853664020239195,0.4785367016292235
90,0.4294349343486653,0.4817417759906153,0.4817418424916027
91,0.4249501336424862,0.48491300629416256,0.48491307817127505
92,0.42051276467368676,0.4880506971371426,0.4880507747052255
93,0.4161223155125223,0.49115521050193794,0.4911552940890594
94,0.4117782798832936,0.49422690437274314,0.49422699432054235
95,0.407480157103229,0.4972661327787803,0.4972662294428185
96,0.40322745202182503,0.5002732458371923,0.5002733495873022
97,0.3990196749606636,0.5032485897955981,0.503248701016235
98,0.3948563416536974,0.5061925070743163,0.5061926261649097
99,0.3907369731880301,0.5091053363082411,0.5091054636835456
100,0.38666109594518394,0.5119874123883732,0.5119875484788167
101,0.38262824154286057,0.5148390665030008,0.5148392117550333
102,0.37863794677721124,0.5176606261785229,0.5176607810549617
103,0.37468975356560624,0.5204524153199179,0.5204525803002912
104,0.3707832088899195,0.5232147542508496,0.5232149298317358
105,0.3669178647403224,0.5259479597534126,0.5259481464487767
106,0.3630932780595979,0.5286523451075102,0.5286525434490359
107,0.35930901068796833,0.5313282201298711,0.5313284306672849
108,0.35556462930844734,0.5339758912126925,0.5339761145140853
109,0.3518597053927099,0.5365956613619198,0.536595898014061
110,0.3481938151474892,0.539187830235154,0.5391880808437967
111,0.3445665394614907,0.5417526941791928,0.5417529593693715
112,0.3409774638528359,0.5442905462671978,0.544290826683518
113,0.3374261784170235,0.5468016763354965,0.5468019726424137
114,0.33391227777541543,0.5492863710200131,0.5492866839021024
115,0.3304353610242482,0.55174491379233,0.5517452439545414
116,0.326995031684157,0.554177584995385,0.5541779331632878
117,0.32359089765023064,0.5565846618787944,0.556585028798809
118,0.3202225711425707,0.5589664186338201,0.5589668050734345
119,0.31688966865737916,0.5613231264279644,0.5613235331759348
120,0.3135918109185537,0.5636550534392043,0.5636554813057407
121,0.3103286228297948,0.5659624648898667,0.5659629147067997
122,0.3070997334272251,0.5682456230801405,0.5682460957010694
123,0.30390477583251285,0.5705047874212325,0.5705052837216558
124,0.3007433872064999,0.5727402144681687,0.5727407353455914
125,0.29761520870333236,0.5749521579522394,0.57495270432626
126,0.2945198854250868,0.577140868813095,0.5771414416254677
127,0.29145706637689217,0.5793065952304903,0.579307195445167
128,0.2884264044225418,0.5814495826556878,0.5814502112588272
129,0.28542755624059746,0.5835700738425063,0.5835707318424643
130,0.28246018228097003,0.5856683088780396,0.5856689973053258
131,0.27952394672198777,0.5877445252130266,0.587745245120236
132,0.27661851742793786,0.5897989576918916,0.5897997101536006
133,0.2737435659070807,0.5918318385824465,0.5918326246950815
134,0.2708987672701355,0.5938433976052641,0.5938442184869336
135,0.26808380018922817,0.5958338619627223,0.5958347187530171
136,0.2652983468573002,0.5978034563677259,0.5978043502274799
137,0.2625420929479784,0.5997524030721009,0.5997533351831169
138,0.2598147275758899,0.6016809218946751,0.6016818934594114
139,0.2571159432574341,0.603589230249039,0.6035902424902521
140,0.2544454358719928,0.6054775431709913,0.6054785973313435
141,0.25180290462358185,0.6073460733456812,0.6073471706872977
142,0.24918805200293925,0.6091950311344361,0.6091961729384214
143,0.2466005837500453,0.6110246246012874,0.6110258121671949
144,0.24404020881706637,0.6128350595391979,0.6128362941844496
145,0.24150663933172736,0.6146265394959856,0.6146278225552446
146,0.23899959056109618,0.6163992657999574,0.6164005986244481
147,0.23651878087578634,0.6181534375852482,0.6181548215420242
148,0.23406393171456863,0.6198892518168716,0.6198906882880288
149,0.23163476754938764,0.6216069033154833,0.6216083936973203
150,0.22923101585077998,0.6233065847818646,0.6233081304839819
151,0.22685240705368745,0.6249884868211245,0.6249900892654673
152,0.2244986745236662,0.6266527979666237,0.6266544585864638
153,0.22216955452348083,0.6282997047036275,0.6283014249424829
154,0.21986478618008448,0.6299293914926855,0.6299311728031775
155,0.21758411145197676,0.6315420407927463,0.6315438846353899
156,0.2153272750969393,0.6331378330840047,0.6331397409259343
157,0.21309402464014146,0.6347169468904887,0.6347189202041139
158,0.2108841103426108,0.6362795588023894,0.6362815990639815
159,0.2086972851700724,0.6378258434981291,0.6378279521863386
160,0.20653330476214005,0.6393559737661854,0.6393581523604819
161,0.204391927401867,0.6408701205266566,0.6408723705056995
162,0.20227291398564495,0.6423684528525861,0.6423707756925158
163,0.20017602799345122,0.6438511379910385,0.6438535351636924
164,0.19810103545943702,0.6453183413839364,0.6453208143549855
165,0.19604770494285403,0.6467702266886587,0.6467727769156636
166,0.19401580749931868,0.6482069557984004,0.6482095847287864
167,0.19200511665240394,0.6496286888623019,0.6496313979312508
168,0.19001540836555866,0.6510355843053474,0.6510383749336042
169,0.18804646101435304,0.652427798848032,0.6524306724396283
170,0.1860980553590384,0.6538054875258107,0.653808445465697
171,0.18416997451742764,0.6551688037083168,0.6551718473599102
172,0.1822620039380836,0.656517899118366,0.6565210298210069
173,0.18037393137381938,0.6578529238507405,0.6578561429170583
174,0.17850554685550055,0.6591740263907587,0.659177335103946
175,0.1766566426661486,0.6604813536326342,0.6604847532436279
176,0.17482701331534573,0.661775050897621,0.6617785426221882
177,0.17301645551392753,0.6630552619519562,0.6630588469676861
178,0.17122476814897308,0.6643221290245919,0.6643258084677928
179,0.16945175225907622,0.6655757928247314,0.6655795677872265
180,0.1676972110099061,0.6668163925591583,0.6668202640849868
181,0.16596094967004488,0.6680440659493712,0.6680480350313899
182,0.1642427755871048,0.6692589492485215,0.6692630168249064
183,0.1625424981641155,0.6704611772581615,0.6704653442088071
184,0.16085992883619113,0.6716508833447915,0.671655150487613
185,0.15919488104745505,0.6728281994562296,0.6728325675433593
186,0.15754717022823514,0.6739932561377865,0.6739977258516708
187,0.15591661377252067,0.6751461825482582,0.6751507544976505
188,0.15430303101567558,0.6762871064757369,0.6762917811915865
189,0.1527062432124104,0.6774161543532383,0.6774209322844771
190,0.15112607351500484,0.6785334512741524,0.6785383327833782
191,0.14956234695178056,0.6796391210075186,0.679644106366572
192,0.14801489040582227,0.6807332860131223,0.6807383753985631
193,0.14648353259394356,0.6818160674564234,0.6818212609448974
194,0.14496810404589183,0.6828875852233098,0.6828928827868165
195,0.14346843708379575,0.6839479579346835,0.6839533594357378
196,0.14198436580184465,0.6849973029608818,0.6850028081475706
197,0.14051572604620693,0.6860357364359281,0.6860413449368653
198,0.13906235539517453,0.687063373271624,0.6870690845908006
199,0.1376240931395397,0.688080327171477,0.688086140683008
200,0.1362007802631937,0.689086710644469,0.6890926255872402
201,0.1347922594239561,0.6900826350186636,0.6900886504908754
202,0.13339837493461626,0.6910682104546627,0.6910743254082723
203,0.1320189727442013,0.6920435459589014,0.6920497591939659
204,0.13065390041945701,0.6930087493967932,0.6930150595557124
205,0.1293030071265412,0.6939639275057229,0.6939703330673859
206,0.12796614361293482,0.6949091859078868,0.6949156851817192
207,0.12664316218955568,0.6958446291229875,0.6958512202429046
208,0.12533391671308625,0.6967703605807781,0.6967770414990415
209,0.12403826256850095,0.6976864826334623,0.6976932511144467
210,0.1227560566518015,0.6985930965679504,0.698599950181814
211,0.1214871573529501,0.6994903026179693,0.6994972387342404
212,0.12023142453900323,0.7003781999760352,0.7003852157571058
213,0.11898871953744232,0.7012568868052833,0.7012639791998173
214,0.11775890511970036,0.7021264602511569,0.7021336259874169
215,0.11654184548487945,0.7029870164529637,0.702994252032052
216,0.1153374062436619,0.7038386505552915,0.703845952244313
217,0.11414545440240842,0.704681456719291,0.7046888205444388
218,0.11296585834744849,0.7055155281338226,0.7055229498733873
219,0.11179848782954971,0.7063409570264738,0.7063484322037805
220,0.11064321394857606,0.7071578346744427,0.7071653585507192
221,0.10949990913832791,0.7079662514152915,0.7079738189824674
222,0.10836844715155892,0.7087662966575733,0.7087739026310157
223,0.1072487030451777,0.709558058891326,0.7095656977025155
224,0.1061405531656205,0.710341625698445,0.7103492914875921
225,0.10504387513440326,0.7111170837629267,0.7111247703715338
226,0.10395854783384707,0.7118845188809882,0.7118922198443599
227,0.10288445139297334,0.7126440159710641,0.7126517245107712
228,0.10182146717357356,0.7133956590836795,0.7134033680999767
229,0.10076947775644612,0.7141395314112011,0.7141472334754081
230,0.09972836692779913,0.7148757152974722,0.7148834026443129
231,0.09869801966582609,0.7156042922473195,0.7156119567672337
232,0.09767832212743544,0.7163253429359505,0.7163329761673775
233,0.09666916163515524,0.7170389472182288,0.7170465403398609
234,0.09567042666419286,0.7177451841378298,0.7177527279608548
235,0.09468200682965466,0.7184441319362884,0.7184516168966109
236,0.09370379287393105,0.7191358680619233,0.7191432842123782
237,0.09273567665423084,0.7198204691786543,0.7198278061812152
238,0.09177755113028309,0.7204980111746999,0.720505258292685
239,0.09082931035218082,0.7211685691711697,0.7211757152614547
240,0.08989084944839185,0.7218322175305396,0.7218392510357764
241,0.08896206461391383,0.7224890298650174,0.7224959388058732
242,0.08804285309858402,0.7231390790448022,0.7231458510122127
243,0.08713311319553999,0.7237824372062297,0.7237890593536824
244,0.08623274422982695,0.7244191757598124,0.7244256347956607
245,0.08534164654715594,0.7250493653981724,0.725055647577984
246,0.08445972150280619,0.7256730761038661,0.7256791672228174
247,0.08358687145067668,0.7262903771571017,0.7262962625424213
248,0.08272299973247783,0.7269013371433557,0.7269070016468211
249,0.08186801066706942,0.727506023960882,0.7275114519513783
250,0.08102180953994152,0.7281045048281157,0.7281096801842639
251,0.08018430259283468,0.7286968462909784,0.7287017523938334
252,0.07935539701350029,0.7292831142300764,0.7292877339559114
253,0.07853500092560302,0.7298633738678001,0.7298676895809739
254,0.07772302337875693,0.7304376897753224,0.7304416833212425
255,0.07691937433870447,0.7310061258794938,0.7310097785776802
256,0.07612396467762356,0.7315687454696427,0.7315720381069007
257,0.07533670616457792,0.7321256112042728,0.7321285240279787
258,0.07455751145609814,0.732676785117662,0.732679297829173
259,0.07378629408689297,0.7332223286263675,0.7332244203745605
260,0.07302296846069749,0.7337623025356304,0.7337639519105765
261,0.0722674498412499,0.7342967670456841,0.7342979520724696
262,0.07151965434339914,0.734825781757969,0.7348264798906661
263,0.07077949892434177,0.7353494056812495,0.7353495937970478
264,0.07004690137498792,0.735867697237638,0.7358673516311429
265,0.06932178031145209,0.7363807142685254,0.7363798106462319
266,0.06860405516667421,0.7368885140404167,0.7368870275153653
267,0.06789364618216347,0.7373911532506753,0.7373890583372992
268,0.06719047439986875,0.7378886880331741,0.7378859586423452
269,0.06649446165416985,0.7383811739638572,0.738377783398139
270,0.06580553056399734,0.7388686660662058,0.738864587015323
271,0.06512360452506763,0.7393512188166211,0.7393464233531498
272,0.06444860770224288,0.7398288861497121,0.7398233457250039
273,0.06378046502201273,0.7403017214634946,0.7402954069038399
274,0.0631191021650906,0.7407697776245054,0.7407626591275452
275,0.06246444555913374,0.7412331069728234,0.7412251541042194
276,0.06181642237157707,0.7416917613270085,0.7416829430173761
277,0.0611749605025862,0.7421457919889495,0.7421360765310677
278,0.06053998857812428,0.7425952497486294,0.742584604794931
279,0.05991143594313597,0.743040184888803,0.7430285774491572
280,0.05928923265484466,0.7434806471895892,0.7434680436293846
281,0.05867330947616395,0.7439166859329805,0.7439030519715156
282,0.05806359786921797,0.7443483499072697,0.7443336506164617
283,0.057460029988978444,0.7447756874113899,0.7447598872148097
284,0.05686253867701201,0.7451987462591741,0.745181808931414
285,0.05627105745533034,0.7456175737835341,0.7455994624499245
286,0.05568552052036158,0.7460322168405548,0.746012893977227
287,0.0551058627370158,0.7464427218135129,0.7464221492478277
288,0.05453201963287079,0.7468491346168086,0.7468272735281541
289,0.053963927392456326,0.747251500699824,0.7472283116207911
290,0.0534015228516454,0.7476498650507007,0.7476253078686463
291,0.05284474349215486,0.7480442722000348,0.7480183061590446
292,0.05229352743613998,0.7484347662245038,0.7484073499277571
293,0.05174781344090543,0.7488213907504051,0.7487924821629559
294,0.0512075408937049,0.7492041889571295,0.7491737454091077
295,0.050672649806652176,0.7495832035805491,0.7495511817707966
296,0.050143080811726026,0.7499584769163374,0.7499248329164819
297,0.049618775155878835,0.7503300508232096,0.7502947400821905
298,0.049099674696241755,0.7506979667260937,0.7506609440751411
299,0.048585721895426856,0.7510622656192258,0.7510234852773084
300,0.04807685981692694,0.7514229880691742,0.7513824036489217
301,0.04757303212061223,0.7517801742177895,0.7517377387318985
302,0.04707418305831904,0.7521338637850885,0.7520895296532177
303,0.04658025746953651,0.752484096072062,0.7524378151282286
304,0.04609120077718272,0.7528309099634158,0.7527826334639017
305,0.04560695898347286,0.753174343930246,0.7531240225620158
306,0.045127478665882965,0.753514436032637,0.7534620199222867
307,0.04465270697319773,0.7538512239222032,0.7537966626454352
308,0.04418259162165251,0.7541847448445549,0.7541279874361971
309,0.043717080891161886,0.7545150356417021,0.7544560306062742
310,0.04325612362163322,0.754842132754393,0.75478082807723
311,0.042799669209370866,0.7551660722243875,0.7551024153833241
312,0.04234766760356002,0.7554868896966668,0.7554208276742966
313,0.04190006930284197,0.7558046204215776,0.7557360997180909
314,0.04145682535196672,0.7561192992569197,0.7560482659035227
315,0.041017887338528486,0.7564309606699671,0.7563573602429
316,0.040583207389786054,0.7567396387394286,0.756663416374583
317,0.040152738169560505,0.7570453671573516,0.7569664675654927
318,0.039726432875210896,0.7573481792309638,0.757266546713571
319,0.039304245234690595,0.757648107884459,0.7575636863501835
320,0.03888612950367861,0.7579451856607238,0.7578579186424761
321,0.03847204046278938,0.7582394447230063,0.758149275395678
322,0.03806193341485442,0.7585309168565314,0.7584377880553578
323,0.03765576418227724,0.7588196334700625,0.758723487709629
324,0.03725348910446374,0.759105625597405,0.7590064050913086
325,0.036855065035323264,0.7593889238988576,0.759286570580026
326,0.0364604493408369,0.7596695586626144,0.7595640142042889
327,0.03606959989669853,0.7599475598061114,0.7598387656434998
328,0.035682475086021376,0.7602229568773261,0.7601108542299284
329,0.03529903379711302,0.7604957790560233,0.7603803089506401
330,0.03491923542131525,0.7607660551549551,0.7606471584493792
331,0.034543039850905816,0.7610338136210134,0.7609114310284121
332,0.03417040747706899,0.7612990825363333,0.7611731546503214
333,0.03380129918792175,0.7615618896193512,0.7614323569397677
334,0.033435676366604605,0.7618222622258192,0.7616890651852029
335,0.033073500889430396,0.762080227349773,0.7619433063405469
336,0.03271473512409196,0.7623358116244592,0.7621951070268232
337,0.03235934192792525,0.7625890413232187,0.7624444935337582
338,0.03200728464622886,0.7628399423603293,0.762691491821341
339,0.031658527110638573,0.7630885402918083,0.7629361275213454
340,0.031313033637552584,0.7633348603161766,0.7631784259388182
341,0.03097076902661111,0.7635789272751828,0.763418412053529
342,0.030631698559223895,0.7638207656544922,0.7636561105213873
343,0.030295787997146696,0.764060399584338,0.7638915456758264
344,0.029963003581108778,0.7642978528401375,0.7641247415291503
345,0.029633312029479716,0.7645331488430772,0.7643557217738536
346,0.02930668053698852,0.764766310660659,0.7645845097839055
347,0.028983076773479825,0.7649973610072214,0.7648111286160054
348,0.02866246888271532,0.7652263222444239,0.765035601010809
349,0.028344825481215204,0.7654532163817056,0.7652579493941224
350,0.02803011565713741,0.7656780650767115,0.7654781958780728
351,0.027718308969194937,0.7659008896356965,0.765696362262246
352,0.027409375445609358,0.7661217110138954,0.7659124700348042
353,0.02710328558309791,0.7663405498158756,0.7661265403735714
354,0.026800010345894985,0.766557426295859,0.7663385941470986
355,0.026499521164802756,0.7667723603580245,0.7665486519157036
356,0.02620178993627623,0.766985371556785,0.7667567339324863
357,0.0259067890215281,0.7671964790970498,0.7669628601443256
358,0.025614491245671295,0.7674057018344581,0.7671670501928496
359,0.025324869896876448,0.7676130582756034,0.7673693234153904
360,0.025037898725561666,0.767818566578231,0.7675696988459159
361,0.024753551943594618,0.7680222445514299,0.767768195215945
362,0.024471804223525753,0.7682241096557972,0.7679648309554435
363,0.02419263069783048,0.7684241790036007,0.768159624193704
364,0.02391600695817396,0.7686224693589194,0.7683525927602096
365,0.023641909054689877,0.7688189971377777,0.7685437541854816
366,0.02337031349527125,0.7690137784082669,0.768733125701915
367,0.02310119724487535,0.7692068288906574,0.7689207242445993
368,0.02283453772483665,0.769398163957506,0.7691065664521259
369,0.022570312812191132,0.76958779863375,0.7692906686673865
370,0.022308500839002487,0.7697757475968042,0.7694730469383588
371,0.02204908059169749,0.7699620251766456,0.7696537170188853
372,0.02179203131040321,0.7701466453559004,0.7698326943694385
373,0.021537332688284158,0.7703296217699247,0.7700099941578856
374,0.021284964870881284,0.7705109677068895,0.7701856312602379
375,0.021034908455444198,0.7706906961078632,0.7703596202614027
376,0.020787144490266182,0.770868819566894,0.7705319754559234
377,0.020541654474006677,0.7710453503310997,0.7707027108487198
378,0.020298420355008947,0.7712203003007587,0.7708718401558234
379,0.020057424530606188,0.7713936810294088,0.7710393768051128
380,0.019818649846419394,0.7715655037239492,0.7712053339370436
381,0.0195820795956362,0.7717357792447556,0.7713697244053835
382,0.019347697518280516,0.7719045181057974,0.7715325607779446
383,0.01911548780045777,0.772071730474775,0.7716938553373185
384,0.01888543507358707,0.7722374261732605,0.7718536200816125
385,0.01865752441360937,0.7724016146768532,0.7720118667251932
386,0.01843174134016881,0.7725643051153557,0.7721686066994311
387,0.018208071815776508,0.7727255062729552,0.772323851153452
388,0.01798650224494028,0.7728852265884303,0.7724776109548952
389,0.017767019473268534,0.7730434741553716,0.772629896690678
390,0.01754961078654111,0.7732002567224235,0.7727807186677708
391,0.017334263909748952,0.7733555816935452,0.7729300869139788
392,0.01712096700609791,0.7735094561282936,0.773078011178736
393,0.01690970867597236,0.7736618867421319,0.7732245009339113
394,0.016700477945032818,0.7738128799160369,0.7733695653807273
395,0.01649326393174494,0.7739624419804689,0.7735132136375444
396,0.01628805654892715,0.7741105786145243,0.7736554543441952
397,0.016084846237492696,0.7742572950730895,0.77379629581231
398,0.015883623564022523,0.7744025965302367,0.7739357462530476
399,0.01568437989322654,0.7745464875036145,0.7740738133971067
400,0.01548710686823638,0.7746889722981453,0.7742105047886605
401,0.9985960232806552,-0.21313667867141003,0.7743443456651491
402,0.9882486761389434,-0.20279017768970514,0.7744780704585583
403,0.9780766268237647,-0.19261897024805222,0.774610474358859
404,0.9680160122867965,-0.18255918896934376,0.7747415202720913
405,0.9580632159416095,-0.17260721704823978,0.77487120859126
406,0.9482168852445958,-0.16276170190992734,0.7749995441014874
407,0.9384757685453561,-0.15302139188012787,0.7751265316170113
408,0.9288386351669918,-0.1433850562577353,0.7752521757258986
409,0.9193042722513068,-0.13385148215974518,0.7753764807802819
410,0.9098714843795426,-0.12441947414212312,0.7754994509081761
411,0.9005390933067449,-0.11508785393420842,0.7756210900160405
412,0.891305937695822,-0.10585546017282825,0.7757414017932488
413,0.8821708728419343,-0.09672114812680833,0.7758603897226467
414,0.8731327704089088,-0.08768378943342002,0.7759780570831006
415,0.8641905182158667,-0.07874227188470262,0.7760944069204738
416,0.8553430199416252,-0.06989549913213691,0.7762094420725073
417,0.8465891948652375,-0.06114239042721494,0.7763231651713495
418,0.8379279776083274,-0.05248188036380444,0.7764355786462239
419,0.8293583178797637,-0.04391291862285241,0.7765466847261087
420,0.8208791802233325,-0.035434469720081956,0.7766564854422424
421,0.8124895437533991,-0.027045512741778067,0.7767649826402419
422,0.8041884018964321,-0.018745041086412114,0.7768721779901284
423,0.7959747622147822,-0.01053206228798308,0.7769780729455993
424,0.7878476461253819,-0.002405597735020402,0.7770826687734711
425,0.7798060886635054,0.005635317565642941,0.7771859665562207
426,0.7718491382500025,0.013591635221621453,0.777287967194643
427,0.7639758564622782,0.02146429368398767,0.777388671410513
428,0.7561853178090872,0.02925421847247005,0.7774880797492487
429,0.7484766095091938,0.036962322396788,0.7775861925825676
430,0.7408488312803612,0.044589505767704485,0.7776830101070697
431,0.7333010950921943,0.052136656643959944,0.7777785323686266
432,0.725832524965145,0.05960465103333557,0.7778727592592961
433,0.7184422568240791,0.06699435303949051,0.7779656904816873
434,0.7111294382558971,0.07430661510408287,0.7780573255779476
435,0.703893228311784,0.08154227820454059,0.7781476639323209
436,0.6967327973131833,0.08870217204811161,0.7782367047737939
437,0.6896473266615873,0.09578711526210164,0.7783244471787462
438,0.6826360086521104,0.10279791558033685,0.7784108900735937
439,0.6756980462907946,0.10973537002589759,0.7784960322374381
440,0.6688326531156,0.116600265090174,0.778579872304712
441,0.6620390530210262,0.12339337690829713,0.7786624087678242
442,0.6553164800965353,0.1301154714208409,0.778743639973232
443,0.6486641784290736,0.13676730457117528,0.778823564143007
444,0.6420814019099088,0.1433496224985201,0.7789021793956838
445,0.6355674141774902,0.14986316159584534,0.778979483681343
446,0.6291214884023346,0.15630864872469982,0.7790554748212452
447,0.622742907132281,0.16268680137005395,0.7791301505103989
448,0.6164309621408097,0.16899832779208535,0.7792035083202089
449,0.6101849542784819,0.17524392717485363,0.7792755457011371
450,0.6040041933274347,0.18142428977192804,0.779346259985364
451,0.5978879978588679,0.18754009704903415,0.779415648389451
452,0.5918356950934539,0.19359202182378688,0.7794837080170124
453,0.5858466207646053,0.19958072840257626,0.7795504358613841
454,0.5799201189845319,0.20550687271467497,0.7796158288083056
455,0.5740555421130266,0.21137110244362844,0.7796798836385982
456,0.5682522506289108,0.2171740571559975,0.7797425970308549
457,0.5625096130291432,0.22291636840260873,0.7798039655479089
458,0.5568270056230256,0.22859865992403447,0.7798639856929653
459,0.5512038124530817,0.2342215477302083,0.7799226538851024
460,0.5456394252404996,0.23978564015563208,0.7799799664204761
461,0.5401332432205634,0.2452915380238853,0.7800359195064871
462,0.5346846730288417,0.2507398347617074,0.7800905092644579
463,0.5292931285895314,0.25613111651093445,0.780143731732376
464,0.5239580310059857,0.26146596223827123,0.7801955828676465
465,0.5186788084533629,0.26674494384295666,0.7802460585498571
466,0.513454896073349,0.2719686262623717,0.7802951545835524
467,0.5082857358708998,0.27713756757564634,0.7803428667010189
468,0.5031707766129484,0.2822523191053163,0.7803891905650862
469,0.4981094737290347,0.2873134255170791,0.7804341217719336
470,0.49310128921379887,0.2923214249177015,0.7804776558539165
471,0.48814569153129816,0.2972768489511252,0.7805197882824026
472,0.483242155521099,0.3021802228928155,0.7805605144706235
473,0.4783901623060953,0.3070320657424047,0.7805998297765402
474,0.4735891992020142,0.3118328903146687,0.7806377295057245
475,0.4688387596505651,0.31658320330702444,0.7806742088999281
476,0.46413834309222374,0.32128350542701295,0.7807092631659852
477,0.4594874548130412,0.32593429154559456,0.7807428875227082
478,0.454885606027809,0.3305360506156446,0.7807750770949068
479,0.4503323137155815,0.3350892658364937,0.7808058269695949
480,0.4458271005385077,0.339594414735715,0.780835132198914
481,0.44136949476198184,0.34405196924961623,0.7808629878031379
482,0.43695903017616355,0.3484623958023867,0.7808893887736982
483,0.43259524601883087,0.352826155383938,0.7809143300762312
484,0.4282776868995385,0.3571437036264646,0.7809378066536441
485,0.4240059027250413,0.36141549087976554,0.7809598134292065
486,0.4197794486259583,0.3656419622853542,0.7809803453096581
487,0.41559788488463817,0.36982355784939197,0.7809993971883442
488,0.41146077686420557,0.3739607125144703,0.7810169639483693
489,0.40736769493875014,0.37805385623027793,0.7810330404657789
490,0.40331821442463545,0.3821034140231775,0.7810476216127611
491,0.39931191551289535,0.3861098060647226,0.7810607022608752
492,0.39534838320269744,0.3900734477391391,0.7810722772843033
493,0.3914272072358382,0.3939947497098027,0.7810823415631291
494,0.3875479820322533,0.3978741179847329,0.7810908899866413
495,0.3837103066265132,0.40171195398113174,0.7810979174566625
496,0.3799137846052777,0.4055086545889937,0.7811034188909063
497,0.3761580240456936,0.40926461223380467,0.7811073892263609
498,0.37244263752532897,0.4129802148682619,0.7811098233764303
499,0.3687672418244775,0.4166558462693625,0.7811107163898636
500,0.36513145810196435,0.4202918858655086,0.781110063301044
501,0.3615349117990083,0.4238887088335986,0.7811078591582788
502,0.3579772325527522,0.42744668618653336,0.7811040990463796
503,0.3544580541398484,0.43096618483091503,0.7810987780901966
504,0.35097701442080587,0.4344475676240148,0.7810918914582079
505,0.34753375528511377,0.43789119342999616,0.781083434366132
506,0.34412792259710867,0.44129741717542437,0.7810734020805756
507,0.3407591661425815,0.44466658990406766,0.7810617899227091
508,0.33742713957609577,0.44799905883101704,0.7810485932719756
509,0.3341315003690055,0.45129516739613634,0.7810338075698278
510,0.3308719097581536,0.4545552553168614,0.7810174283235003
511,0.3276480326952354,0.4577796586403625,0.7809994511098094
512,0.3244595377968068,0.46096870979509047,0.7809798715789881
513,0.3213060972949297,0.46412273764171313,0.7809586854585508
514,0.3181873869884297,0.4672420675234658,0.7809358885571912
515,0.31510308619475685,0.4703270213159243,0.7809114767687119
516,0.31205287770243106,0.473377917476218,0.7808854460759892
517,0.3090364477240617,0.47639507109169243,0.7808577925549648
518,0.3060534858499208,0.47937879392803984,0.7808285123786761
519,0.30310368500206175,0.4823293944769056,0.7807976018213155
520,0.3001867412453975,0.4852471781451515,0.7807650573543299
521,0.29730235390682386,0.4881324471390063,0.7807308755454092
522,0.2944502256971364,0.4909855003456171,0.7806950529561028
523,0.2916300624285376,0.4938066336150358,0.7806575862991177
524,0.28884157321174614,0.49659613956738413,0.7806184722886482
525,0.286084470037057,0.4993543080097887,0.7805777078850035
526,0.2833584676061434,0.5020814261049011,0.7805352903775495
527,0.2806632842269587,0.5047777774877678,0.7804912167944595
528,0.27799864077658154,0.5074436432943022,0.7804454845408487
529,0.27536426109871537,0.5100793017702804,0.7803980911217843
530,0.27275987189598344,0.5126850283801478,0.7803490341904495
531,0.27018520242017685,0.5152610961154152,0.7802983117236981
532,0.26763998512643844,0.5178077748503391,0.7802459215856401
533,0.26512395514983284,0.5203253318617044,0.7801918618393626
534,0.26263685023425926,0.5228140319012411,0.7801361307716173
535,0.26017841078399884,0.5252741371468951,0.7800787268399956
536,0.2577483798250566,0.5277059072432332,0.7800196486775625
537,0.255346502966794,0.5301095993415305,0.7799588950975326
538,0.25297252812666765,0.5324854683735196,0.7798964652477036
539,0.25062620607510905,0.5348337665158552,0.7798323582475574
540,0.24830729004911653,0.5371547435737106,0.7797665734131162
541,0.24601553561974385,0.5394486471134956,0.779699110321791
542,0.24375070075394548,0.5417157224038339,0.7796299687550028
543,0.2415125457779066,0.5439562124536992,0.7795591487030253
544,0.23930083334058272,0.5461703580502809,0.7794866503698767
545,0.2371153283774665,0.5483583977965584,0.7794124741782414
546,0.2349557980745716,0.5505205681485867,0.7793366207744156
547,0.23282201160565846,0.5526571036758018,0.7792590911751696
548,0.23071374065766517,0.5547682365455491,0.7791798864222717
549,0.2286307590432109,0.5568541969062607,0.7790990078072367
550,0.22657284259993807,0.5589152129878947,0.7790164569172027
551,0.22453976923885144,0.5609515110557385,0.7789322355880532
552,0.22253131890940211,0.5629633154460475,0.7788463459095112
553,0.2205472735646887,0.5649508486014532,0.778758790230268
554,0.21858741712678129,0.5669143311061275,0.7786695711631465
555,0.2166515354521816,0.5688539817206849,0.7785786915902768
556,0.21473941629737872,0.5707700174168543,0.7784861546683045
557,0.2128508492845173,0.5726626534118985,0.7783919638336091
558,0.21098562568936258,0.5745321033770009,0.7782961229170726
559,0.20914353880024716,0.5763785790858048,0.778198635907518
560,0.20732438373368756,0.5782022905957359,0.7780995070491907
561,0.20552795723811104,0.5800034464404005,0.7779987409466746
562,0.20375405782186312,0.5817822535042804,0.7778963424683359
563,0.20200248557696923,0.583538917194852,0.7777923168440882
564,0.20027304213180053,0.5852736414882833,0.7776866696800098
565,0.19856553081136935,0.5869866287724171,0.7775794068376783
566,0.19687975650036543,0.5886780799799027,0.7774705345062157
567,0.19521552560930058,0.5903481946203427,0.7773600592076761
568,0.19357264604062138,0.5919971708122528,0.7772479878024782
569,0.1919509271548097,0.5936252053148084,0.7771343274948471
570,0.1903501797364647,0.5952324935593786,0.7770190858382727
571,0.1887702159250246,0.5968192297152585,0.7769022707622586
572,0.18721084905708793,0.5983856068410841,0.7767838906522626
573,0.185671894169538,0.5999318163927159,0.7766639540328689
574,0.18415316740855514,0.601458048796543,0.7765424699063005
575,0.18265448617431315,0.6029644933056696,0.7764194476515072
576,0.18117566908685293,0.6044513380301445,0.7762948970296379
577,0.17971653595182652,0.6059187699670466,0.7761688281895772
578,0.17827690772616409,0.6073669750303726,0.7760412516734848
579,0.17685660648367268,0.6087961380807129,0.7759121784223495
580,0.1754554553805557,0.6102064429547244,0.7757816197815411
581,0.1740732786208551,0.6115980724943946,0.7756495875063697
582,0.1727099014218078,0.6129712085761025,0.7755160937676506
583,0.17136514997912577,0.6143260321394658,0.7753811511572697
584,0.17003885143218433,0.6156627232159867,0.7752447726937506
585,0.16873083382913187,0.6169814609574841,0.7751069718278262
586,0.16744092609191055,0.6182824236643203,0.7749677624480086
587,0.16616895798120065,0.6195657888134114,0.7748271588861584
588,0.16491475985331178,0.6208317332865962,0.7746851760435144
589,0.16367816319051406,0.6220804328523488,0.7745418290704831
590,0.16245900006950587,0.6233120626725258,0.7743971336559198
591,0.16125710325822087,0.6245267972017404,0.7742511059579724
592,0.1600723061869861,0.6257248102079438,0.7741037626059062
593,0.15890444291302777,0.6269062747991557,0.7739551207056585
594,0.15775334808492494,0.6280713634499749,0.7738051978453904
595,0.15661885690701557,0.6292202480278701,0.7736540121010322
596,0.15550080510376876,0.6303530998192445,0.7735015820418227
597,0.1543990288841332,0.6314700895552717,0.7733479267358367
598,0.15331336490586922,0.6325713874375046,0.7731930657555036
599,0.1522436502398827,0.6336571631632457,0.773037019183118
600,0.15118972233456096,0.6347275859506915,0.7728798076163366
601,0.8403354499887296,1.6256380276320361,0.7727238169132351
602,0.8314733839420319,1.6167724808649813,0.7725633490471312
603,0.8226956801509461,1.6079911819958677,0.7724017064891894
604,0.8140000478742718,1.5992918369607343,0.7722389053265639
605,0.8053857002890262,1.590673655858376,0.7720749703921892
606,0.7968518720987454,1.5821358702280426,0.7719099247577508
607,0.788397807302755,1.5736777208528618,0.7717437920208746
608,0.7800227589602841,1.5652984575244788,0.7715765963160797
609,0.7717259891604368,1.5569973390140233,0.7714083623453818
610,0.763506767356249,1.5487736313869487,0.7712391143262564
611,0.7553643723661351,1.540626610028129,0.7710688773058715
612,0.7472980989592525,1.532555566317017,0.7708976816606906
613,0.7393072425616216,1.5245597921481875,0.7707255533152985
614,0.7313911078476942,1.5166385886239953,0.7705525191481633
615,0.7235490097318434,1.5087912670586192,0.7703786074988989
616,0.7157802709985995,1.5010171465865745,0.7702038470196135
617,0.7080842227908053,1.493315554657349,0.7700282669425174
618,0.7004602045605317,1.4856858269879778,0.7698518970965234
619,0.6929075630504787,1.478127306524149,0.7696747669609221
620,0.6854256565327586,1.470639347765317,0.7694969093750913
621,0.6780138495015047,1.463221311366902,0.769318356413867
622,0.6706715139421171,1.4558725654316664,0.7691391403557968
623,0.6633980298000319,1.4485924859900061,0.768959294106578
624,0.6561927849135349,1.4413804569350464,0.7687788512055059
625,0.6490551749473191,1.4342358699586517,0.7685978458322142
626,0.6419846057700012,1.4271581269703348,0.768416314246336
627,0.6349804867795874,1.4201466333234167,0.7682342909473363
628,0.6280422364971379,1.4132008034966481,0.7680518119424168
629,0.6211692790701087,1.4063200575396806,0.7678689125491979
630,0.614361049112497,1.3995038260112462,0.7676856307644204
631,0.6076169902013603,1.3927515484569177,0.7675020063193546
632,0.6009365519858122,1.3860626704623975,0.7673180786349711
633,0.5943191922369901,1.379436645750453,0.7671338882963826
634,0.5877643723193229,1.3728729315787658,0.7669494746029858
635,0.5812715625681022,1.3663709942111917,0.7667648784849947
636,0.5748402404396279,1.3599303070445583,0.7665801415846827
637,0.5684698904495109,1.3535503505519069,0.7663953062626921
638,0.5621600041116547,1.3472306122266915,0.7662104156048741
639,0.5559100830501734,1.3409705897628814,0.7660255151717646
640,0.5497196307653894,1.3347697826732827,0.7658406486503331
641,0.5435881587884155,1.3286276985584224,0.7656558610045778
642,0.5375151829512227,1.322543849295617,0.7654711961401807
643,0.5315002306879018,1.3165177585421903,0.7652867021233869
644,0.5255428361470406,1.3105489567336976,0.7651024277915871
645,0.519642540167276,1.3046369810608296,0.7649184226023875
646,0.5137988884577329,1.2987813736281124,0.7647347359552338
647,0.508011431522969,1.29298168138082,0.7645514171371693
648,0.5022797274850322,1.2872374589967255,0.7643685168274368
649,0.49660334079792606,1.2815482675851064,0.7641860865015612
650,0.4909818421876648,1.275913674635912,0.7640041784376181
651,0.4854148096076641,1.2703332550099928,0.7638228462693547
652,0.47990182837430834,1.264806591093327,0.7636421451227396
653,0.47444248566801694,1.2593332671733153,0.7634621287556854
654,0.46903637666186243,1.2539128757222149,0.7632828526980779
655,0.46368310249875544,1.2485450153424782,0.7631043733141121
656,0.45838227023056244,1.2432292907174847,0.7629267478081054
657,0.453133492757434,1.2379653125629682,0.7627500342308803
658,0.4479363907839339,1.2327526996396543,0.7625742922959466
659,0.44279058640916713,1.2275910722140102,0.7623995807254255
660,0.4376957117066348,1.2224800608763793,0.7622259614607567
661,0.4326514023266078,1.2174192999620759,0.7620534959852181
662,0.4276572993919702,1.2124084295277293,0.7618822466052024
663,0.42271304971321566,1.2074470955935386,0.7617122766716465
664,0.41781830828028127,1.2025349527278686,0.7615436518471215
665,0.4129727317019352,1.1976716573100514,0.7613764368472323
666,0.40817598191329524,1.1928568713567544,0.7612106972421112
667,0.40342772679271083,1.1880902631793981,0.7610464998333665
668,0.3987276393698383,1.1833715065903077,0.7608839123311317
669,0.39407539776011274,1.1787002808553695,0.7607230033593334
670,0.3894706867041994,1.174076272308947,0.7605638432975995
671,0.3849131956536575,1.1694991724019297,0.7604065033875544
672,0.3804026159892126,1.1649686748395334,0.7602510543184644
673,0.3759386445168187,1.160484479204516,0.7600975678427248
674,0.37152098450279125,1.1560462920763368,0.7599461176493877
675,0.3671493431732458,1.1516538244540993,0.7597967779563943
676,0.3628234322112215,1.1473067922965103,0.7596496238285363
677,0.35854297195763946,1.143004920918057,0.75950473342355
678,0.3543076789302563,1.1387479320331513,0.7593621814870086
679,0.35011727803913145,1.1345355564816484,0.7592220458110065
680,0.3459715016159669,1.1303675332986058,0.7590844072914626
681,0.34187008339269137,1.1262436033983099,0.7589493458521434
682,0.3378127612770195,1.1221635125223264,0.7588169423870522
683,0.33379927966948003,1.1181270136964891,0.75868728009977
684,0.32982938467252093,1.1141338622446935,0.7585604418684678
685,0.32590282494877,1.110183816720438,0.7584365109045599
686,0.32201935431683953,1.1062766416367622,0.7583155719879031
687,0.3181787303968099,1.102412106087664,0.7581977108841079
688,0.31438071453409067,1.098589983698216,0.7580830143468392
689,0.3106250717232147,1.0948100525747486,0.7579715701203701
690,0.30691157409094677,1.0910720989905416,0.7578634687375806
691,0.3032399917420628,1.0873759078374117,0.7577587991739635
692,0.2996100999911293,1.083721270194129,0.757657652085096
693,0.2960216775996781,1.0801079815274433,0.7575601191645454
694,0.29247450659147206,1.0765358415290198,0.7574662931041347
695,0.28896837217558113,1.0730046540638551,0.7573762675950728
696,0.2855030636059342,1.0695142281058867,0.7572901378003964
697,0.2820783734957095,1.0660643770470333,0.7572080000493847
698,0.2786940952476288,1.0626549160344594,0.7571299508067374
699,0.2753500260349294,1.0592856650947862,0.7570560877602083
700,0.2720459657931837,1.055956448118977,0.7569865095756392
701,0.2687817171871129,1.052667092851814,0.7569213159179533
702,0.2655570819173519,1.0494174269239445,0.7568606049282013
703,0.26237187220567315,1.0462072902475368,0.7568044809412738
704,0.259225901094911,1.0430365246364748,0.7567530483420419
705,0.2561189804953132,1.039904971723574,0.7567064104777098
706,0.2530509255963217,1.0368124776586938,0.7566646719684063
707,0.2500215538948175,1.0337588921103211,0.7566279384210963
708,0.24703068513183252,1.030744068208903,0.7565963164262705
709,0.24407814123196794,1.0277678624901032,0.7565699135548305
710,0.24116374770474344,1.0248301363946908,0.7565488390787596
711,0.23828733144556818,1.0219307539442684,0.7565332030361307
712,0.23544871987753574,1.0190695808060364,0.7565231157224801
713,0.23264774304329353,1.0162464864926375,0.7565186885532365
714,0.2298842329100676,1.0134613436292923,0.7565200339014501
715,0.22715802332948853,1.01071402789435,0.7565272650918144
716,0.22446895000217684,1.008004417959717,0.7565404963947573
717,0.22181685143782645,1.0053323964942265,0.7565598435101384
718,0.21920156791960946,1.0026978490353728,0.7565854231585485
719,0.21662293969680468,1.0001006620054547,0.7566173521794772
720,0.2140808097532524,0.9975407255970863,0.7566557486070907
721,0.21157502262436012,0.9950179324783873,0.7567007313006162
722,0.20910542459565315,0.9925321779425849,0.7567524200183084
723,0.20667186370930288,0.9900833598454768,0.7568109354082109
724,0.20427419001890965,0.9876713788023407,0.756876399117383
725,0.20191225683137393,0.9852961394462405,0.7569489344037621
726,0.19958591719108032,0.9829575465744015,0.7570286646400408
727,0.19729502676975152,0.9806555080901143,0.757115714216969
728,0.19503944024506498,0.978389930907079,0.7572102063126062
729,0.19281901468121268,0.9761607245714056,0.7573122652101744
730,0.1906336159981485,0.9739678083335874,0.7574220207543328
731,0.18848310747119884,0.9718110982050487,0.7575396002899082
732,0.18636735555738165,0.9696905132389043,0.7576651324169389
733,0.18428622835262645,0.9676059737137569,0.757798746371495
734,0.18223959624888936,0.965557401621617,0.7579405720346676
735,0.18022733200908,0.9635447205351467,0.7580907398079573
736,0.1782493109666,0.9615678556267179,0.7582493807375925
737,0.17630541127398514,0.9596267337147494,0.7584166265680105
738,0.17439551406247666,0.9577212831967912,0.7585926097240616
739,0.17251950366606839,0.9558514340423937,0.7587774633385173
740,0.17067726814405879,0.9540171180797988,0.7589713213055457
741,0.16886869948702615,0.9522182690114195,0.759174318725413
742,0.16709369252037679,0.9504548208101877,0.7593865905148296
743,0.1653521460290579,0.9487267086886509,0.7596082721709533
744,0.16364396298988992,0.9470338690306048,0.7598394997487355
745,0.16196905081577043,0.9453762393231304,0.7600804098383684
746,0.1603273216108935,0.9437537580884886,0.7603311395419955
747,0.15871869239554157,0.9421663647704567,0.7605918264243594
748,0.1571430856417834,0.9406139999624333,0.7608626086971216
749,0.1556004305858191,0.9390966064819978,0.7611436258451096
750,0.15409066077866757,0.9376141262290166,0.7614350167245884
751,0.1526137158814444,0.9361665017952588,0.7617369205749438
752,0.15116954197200164,0.9347536763961015,0.762049476990417
753,0.14975809185670266,0.9333755938025701,0.7623728258916064
754,0.14837932538572382,0.9320321982734199,0.762707107496172
755,0.14703320941830478,0.9307234341026354,0.7630524621036611
756,0.14571971728301122,0.9294492446001514,0.7634090295042514
757,0.14443882844893044,0.9282095712660211,0.7637769482073695
758,0.14319054193336767,0.9270043683622378,0.7641563646355365
759,0.14197485800496557,0.9258335820710157,0.7645474203049359
760,0.14079182343876517,0.9246972004139755,0.7649502824930465
761,0.13964159657942687,0.9235953247053322,0.7653651880394514
762,0.13852410161531825,0.9225277853707387,0.7657922075219115
763,0.137439367729313,0.9214945186783791,0.7662314766446475
764,0.13638739802601552,0.92049542091663,0.7666831065954322
765,0.13536822981406577,0.9195304148152788,0.7671472244468727
766,0.13438197416358022,0.9185994926160793,0.7676240002809747
767,0.13342863596131405,0.9177025176975467,0.7681135249074222
768,0.1325083300615986,0.9168394622695496,0.7686159559583629
769,0.1316211001159361,0.9160102083190401,0.7691313961362698
770,0.13076713251014113,0.9152147812798338,0.7696600356020745
771,0.12994651103384494,0.9144530820097956,0.7702019891476708
772,0.12915934071055496,0.9137250221568131,0.7707573774301834
773,0.1284057876334009,0.913030567101324,0.7713263539002676
774,0.12768595344192432,0.9123696002459155,0.7719090221716711
775,0.12700004124872516,0.9117421021927179,0.7725055450879249
776,0.12634822058651007,0.9111480050850088,0.7731160560485087
777,0.12573063523832223,0.9105872019037422,0.7737406647248473
778,0.12514751649873798,0.9100596675323644,0.7743795304231554
779,0.12459907260508157,0.9095653407699638,0.7750327903993999
780,0.12408547327535255,0.9091041090571755,0.7757005509902193
781,0.12360698150863879,0.9086759482107588,0.7763829734826393
782,0.12316384484095524,0.9082808072211134,0.7770801995292194
783,0.12275623235990772,0.9079185440984884,0.777792317220207
784,0.12238438975456511,0.9075890888837775,0.7785194582582792
785,0.12204863406721837,0.9072924374491704,0.7792617938618489
786,0.12174916165154878,0.9070284533304367,0.7800194150605083
787,0.12148622026480937,0.9067970474079212,0.7807924413865668
788,0.12126009455978103,0.9065981629260667,0.7815810117224498
789,0.12107111000135097,0.9064317796003781,0.7823852867320163
790,0.12091945342622569,0.9062977322183557,0.7832053396891165
791,0.12080540693308967,0.9061959500682932,0.7840412994785456
792,0.12072927729987097,0.906126385116292,0.7848933090076856
793,0.12069135778791779,0.9060889742740561,0.7857615015843585
794,0.12069185809065816,0.9060835710242722,0.7866459595839012
795,0.12073104671624255,0.9061100890521304,0.7875468015563835
796,0.1208092271453273,0.9061684783857684,0.78846416748636
797,0.12092667283183377,0.9062586617742721,0.7893981801828055
798,0.12108357834346918,0.9063804884716998,0.7903489172882374
799,0.121280182125361,0.9065338560364875,0.7913164862359687
800,0.1215167649921675,0.9067187088161798,0.7923010203033367
801,0.8668651854425828,-0.0814300164084205,0.7934079341087719
802,0.856515645997616,-0.07106965770929724,0.7944493095887896
803,0.8462873105522835,-0.0608288234725797,0.7955025532697102
804,0.8361376280174351,-0.050664797012274235,0.7965722055288099
805,0.826064302041675,-0.04057514931164854,0.7976585793757205
806,0.8160664110712048,-0.030558822519786165,0.7987617112609031
807,0.8061429432181392,-0.02061465986807553,0.7998817275977207
808,0.7962929930142989,-0.010741604206475207,0.801018699983652
809,0.786515711850204,-0.0009386478233100052,0.802172676994051
810,0.7768102344446739,0.008795242411996976,0.8033437326236998
811,0.7671758162360612,0.018460985989509522,0.8045318751913109
812,0.7576116191653558,0.02805960667815698,0.8057371899398601
813,0.7481168611693205,0.03759208131677141,0.8069597396149794
814,0.7386908004650133,0.04705935612482824,0.8081995749082962
815,0.7293327544380857,0.0564623277647521,0.8094567216815196
816,0.7200420156646459,0.0658019296208534,0.8107312377656786
817,0.7108179685976003,0.0750790129984069,0.8120231339627492
818,0.7016598965460377,0.08429454558250811,0.8133325061997898
819,0.6925671931170307,0.09344939539307431,0.8146593909730561
820,0.6835392673214703,0.10254442861191897,0.8160038305168962
821,0.6745756021055695,0.11158044985197252,0.8173658325092071
822,0.6656757014775252,0.12055825717562225,0.8187454066500596
823,0.6568391133503955,0.12947861917283732,0.820142549003071
824,0.6480653109342288,0.13834239905794873,0.8215573264312457
825,0.639353863943218,0.1471503780465917,0.8229897559927323
826,0.6307043733922711,0.15590332368814833,0.8244398513156235
827,0.6221164529073234,0.16460201040922046,0.8259076365241977
828,0.6135897757507602,0.17324717130053502,0.8273931128632239
829,0.6051241345628122,0.18183943573222183,0.828896214957553
830,0.5967191879651911,0.19037959737096183,0.8304169968965618
831,0.5883746887306106,0.1988683756692822,0.8319554662230548
832,0.5800903084742519,0.20730660303651277,0.8335117147651395
833,0.571865288949398,0.21569560133522495,0.8350861849410459
834,0.5636999099182117,0.2240356166830842,0.836678564996533
835,0.5555941420668183,0.23232725369794152,0.8382888009727687
836,0.5475482794283775,0.24057079924421237,0.8399166150887224
837,0.5395619673161592,0.2487672744918793,0.8415622591037171
838,0.5316356405161046,0.2569168819044775,0.8432254007386536
839,0.5237693158545554,0.2650203140947021,0.8449060635939546
840,0.5159630667413507,0.2730782442059771,0.8466042630998799
841,0.5082171717955877,0.28109116266049106,0.8483198823472712
842,0.5005320471258938,0.2890594512560163,0.8500527303654726
843,0.49290787123760316,0.2969838027295916,0.8518028456223816
844,0.4853450138039762,0.30486474913209644,0.8535701532383323
845,0.47784383980842954,0.31270288209411845,0.8553546232594935
846,0.4704048810206661,0.3204986623999709,0.8571561320167141
847,0.4630287549943233,0.3282525124154067,0.8589745301180093
848,0.45571590293769926,0.33596512189341493,0.8608098693505453
849,0.44846710903801223,0.34363685518564135,0.862661961232562
850,0.4412831789068737,0.35126812170586597,0.8645306528503961
851,0.4341647003618995,0.35885966614182646,0.8664160466038978
852,0.42711272574091796,0.3664117688110233,0.8683178935061816
853,0.42012827344604003,0.3739248341736307,0.8702360410596012
854,0.4132122840016418,0.38139945510535367,0.8721704824178164
855,0.40636592070653654,0.3888360560104602,0.8741210831896984
856,0.39959050165382176,0.3962349749730317,0.876087643422945
857,0.3928873117541355,0.40359670298251793,0.8780700823503739
858,0.3862577180189378,0.410921751877942,0.8800683379228534
859,0.3797034127560582,0.41821034535272267,0.8820821224503903
860,0.3732259809866223,0.42546297802155786,0.8841113601436278
861,0.36682708240864303,0.43268019876906494,0.8861560207429076
862,0.360508612733137,0.439862402305993,0.8882159520418249
863,0.3542727141696552,0.4470098106500159,0.8902908644305206
864,0.34812153535127494,0.45412280587615195,0.8923805959481538
865,0.3420572533366909,0.461201921590078,0.8944851074293454
866,0.33608238022959297,0.46824741335949716,0.8966041346901525
867,0.33019958477807215,0.4752595087280056,0.8987373916789194
868,0.3244115246278091,0.48223866903901935,0.9008847786031996
869,0.3187209945689164,0.48918539394129623,0.903046230062888
870,0.3131311098858596,0.49609993237169775,0.905221472914928
871,0.3076451173634492,0.5029825745951675,0.9074102670553701
872,0.30226639002339056,0.509833673186784,0.9096124229359939
873,0.2969984193517361,0.5166536736271282,0.911827828885893
874,0.29184496106857105,0.5234428588735965,0.9140562363386043
875,0.28680997517306533,0.5302014355315134,0.9162973304891237
876,0.2818975490653329,0.536929673517553,0.9185508490851435
877,0.2771118586608383,0.5436279951147244,0.92081665526251
878,0.2724572401908578,0.5502968445069806,0.9230946324457917
879,0.2679383244465865,0.5569363414304082,0.9253843827575864
880,0.26355979699541726,0.5635467827765412,0.9276856593655164
881,0.25932647038378315,0.5701284606843309,0.9299982095091879
882,0.2552432333910668,0.5766817697507658,0.9323218688198535
883,0.25131511650906807,0.5832069553186634,0.9346563395942917
884,0.24754722316046562,0.5897042037402191,0.9370012697248984
885,0.24394467745574083,0.5961737144646279,0.9393563187028944
886,0.24051255745658706,0.6026158656446537,0.9417212964344907
887,0.2372559174835517,0.6090310635852332,0.9440960414071748
888,0.23417978608093834,0.6154194121184027,0.9464801186951488
889,0.23128903515644156,0.6217811429008048,0.9488732024321541
890,0.2285883609937142,0.6281165075790306,0.951274983733532
891,0.22608223511161396,0.6344257762245674,0.9536851662954287
892,0.22377486408466038,0.6407093736410285,0.9561035936418631
893,0.22167012142871112,0.6469673860360707,0.9585297971717076
894,0.21977148442890201,0.653199995116655,0.960963392504143
895,0.2180819917121286,0.6594074218293962,0.9634040288858114
896,0.21660420742408115,0.6655899604030616,0.9658514182006527
897,0.21534018400060492,0.6717479234566759,0.9683052923094162
898,0.214291370632829,0.6778814926041977,0.9707652506304095
899,0.21345860901264846,0.6839908524302873,0.9732308949540762
900,0.21284212079682308,0.6900762219140256,0.9757018571532984
901,0.21244147337501318,0.6961377930275304,0.9781777419092075
902,0.2122556086212539,0.7021758254725773,0.9806582101594459
903,0.21228177631692263,0.7081886797838945,0.9831410474575235
904,0.21251775213389726,0.7141771331985266,0.9856264327038798
905,0.21296086356959368,0.7201420536075905,0.9881146391644691
906,0.2136074268551334,0.7260835441034063,0.9906051533994314
907,0.21445367997890455,0.7320023229705706,0.993098103410925
908,0.21549507197187148,0.7378986511417865,0.995593126181137
909,0.2167265332089256,0.743772670357271,0.9980897441568232
910,0.21814274733051914,0.7496246699989771,1.0005876505546425
911,0.21973820835879312,0.755455114678117,1.0030866886947734
912,0.2215066022681,0.7612638338676488,1.005586058129437
913,0.22344179659941069,0.767051147027665,1.0080854406673887
914,0.22553772185858145,0.772817559477671,1.010584735790592
915,0.22778764974455784,0.7785629990693379,1.0130832395547518
916,0.2301853428306564,0.7842879751165756,1.015580828982952
917,0.23272375248226546,0.7899921921744878,1.018076567786473
918,0.235396790294004,0.7956762884532587,1.0205704598654983
919,0.23819758075219086,0.8013400970697094,1.0230616696978176
920,0.24111976365138946,0.806983826722091,1.0255497812602832
921,0.24415736970579194,0.8126079339661443,1.02803461895854
922,0.2473040002252575,0.8182123660820896,1.0305154753719097
923,0.2505535375652943,0.8237971880918152,1.032991762040476
924,0.2539004507761414,0.8293628141626262,1.0354632516993216
925,0.25733891167754747,0.8349092472895756,1.0379292863015595
926,0.2608633757768529,0.8404365703700204,1.0403892898697573
927,0.2644687452663976,0.845945063404366,1.0428428955679376
928,0.26814980288471246,0.8514347471064373,1.0452894606722047
929,0.27190135651142927,0.8569055079604317,1.0477281985560365
930,0.2757191227524856,0.8623577822096986,1.0501589077000608
931,0.27959835834960767,0.8677914986694389,1.0525808355424677
932,0.28353458032527856,0.8732066273693481,1.0549932892716514
933,0.2875240249887798,0.8786035349335555,1.0573960010038614
934,0.2915627797467322,0.8839823346149064,1.0597884251033047
935,0.29564682237836276,0.8893429244690825,1.0621697844646814
936,0.2997724546244091,0.8946853140689989,1.064539423783005
937,0.30393659491310115,0.9000098352145772,1.0668970415668884
938,0.30813601259026885,0.9053165956713298,1.0692420850445479
939,0.31236709264387635,0.9106053096135757,1.0715735835564852
940,0.31662712360752093,0.9158762332050814,1.0738911593319194
941,0.32091337487710847,0.9211295049345558,1.0761943069405713
942,0.3252230920370808,0.9263651493163064,1.078482397833748
943,0.3295531265550644,0.9315828203175945,1.0807544047456843
944,0.3339015815550572,0.9367829666883356,1.0830101717196057
945,0.33826618991412954,0.9419656928115026,1.0852491663509172
946,0.342644532435738,0.9471309160578868,1.0874706585455218
947,0.34703384287325995,0.9522782401232534,1.0896735782626192
948,0.35143264927030116,0.9574080935112069,1.0918577707120214
949,0.3558389393539234,0.9625204647525284,1.0940225971728792
950,0.36025069966501544,0.9676152790868193,1.0961673532457656
951,0.3646657364913242,0.9726922729027035,1.0982911417708745
952,0.3690828230142828,0.9777517897663099,1.1003937390281875
953,0.37350023948936356,0.9827937826307444,1.1024744923879857
954,0.37791636226670144,0.9878182178182666,1.1045327720458518
955,0.3823291517488369,0.9928247166175674,1.1065675973356832
956,0.38673722938935445,0.99781329461035,1.1085784484204675
957,0.39113945785503895,1.0027841263886685,1.1105649184409392
958,0.3955345892884653,1.007737247103112,1.1125264917038191
959,0.3999211746170811,1.0126725224066462,1.114462460525022
960,0.40429754383361266,1.017589616350717,1.116371928408124
961,0.40866297619298086,1.0224888101329928,1.1182546690292687
962,0.4130162192079647,1.0273699846151825,1.1201100321224973
963,0.4173561268457864,1.0322330681570955,1.1219374128290889
964,0.42168109361581024,1.0370776153255488,1.1237358618441284
965,0.42599036132703666,1.0419037475232473,1.1255050190411149
966,0.4302832008335229,1.046711574894707,1.1272445234646664
967,0.43455846292869715,1.0515008810444726,1.12895369218984
968,0.4388151476657096,1.0562715262904439,1.1306319321627851
969,0.44305160403386673,1.0610229078856999,1.1322781484971485
970,0.4472675485585034,1.0657553101263584,1.1338922526895876
971,0.4514620943098268,1.0704685799947586,1.1354736983604772
972,0.45563445102889777,1.0751626246130705,1.1370219822448426
973,0.459783687906318,1.0798372272524999,1.1385364894693932
974,0.46390828727196853,1.0844917369312235,1.140016173755647
975,0.46800805766618475,1.089126366448141,1.1414609678464276
976,0.47208215588951835,1.093740898439762,1.1428702877035555
977,0.4761298371773238,1.0983351347151096,1.1442436368718034
978,0.48015033185280115,1.1029088415205797,1.1455804928587148
979,0.48414222842505056,1.1074613200167063,1.1468798648607632
980,0.4881056210118816,1.1119928911935053,1.1481418484413288
981,0.49203958633794265,1.1165031657539604,1.1493657882462909
982,0.4959433820134496,1.1209918451684562,1.1505511709412968
983,0.4998163050734316,1.1254586346774156,1.1516975145982171
984,0.5036569641185358,1.1299027384446454,1.1528038455481877
985,0.5074653293892117,1.134324297213618,1.1538701618887877
986,0.5112407608266117,1.1387230029645308,1.154896029799229
987,0.5149825842513915,1.1430985049984148,1.1558809939048733
988,0.5186902900564125,1.1474505368492005,1.156824732017355
989,0.5223626283262512,1.1517783111033084,1.1577263826327642
990,0.525999032184094,1.156081507058371,1.1585855701932322
991,0.5295992157137698,1.1603599605713173,1.159402147259629
992,0.5331687367051904,1.1646169677657638,1.1601807673337488
993,0.5367091538932742,1.1688534951585596,1.1609227623477838
994,0.5402160983441057,1.1730669795702162,1.161624587080492
995,0.5436869074165362,1.1772557651955458,1.1622841849068708
996,0.5471204047887283,1.1814191189785646,1.1629006668021296
997,0.5505186245836439,1.1855581817522498,1.1634758217214385
998,0.5538764647053872,1.1896697611662181,1.1640056295045287
999,0.5571954902480367,1.1937547160010058,1.1644914768421566
1000,0.5604731267223659,1.197811143825216,1.164931639328928
